season,team_tricode,green_zone_windows,went,passed,go_rate
2022-23,T01,92,40,52,0.435
2022-23,T03,91,42,49,0.462
2022-23,T27,89,48,41,0.539
2022-23,T07,80,44,36,0.55
2022-23,T29,100,55,45,0.55
2022-23,T08,101,57,44,0.564
2022-23,T23,75,43,32,0.573
2022-23,T22,81,47,34,0.58
2022-23,T09,95,57,38,0.6
2022-23,T20,75,45,30,0.6
2022-23,T10,86,53,33,0.616
2022-23,T14,94,58,36,0.617
2022-23,T13,80,50,30,0.625
2022-23,T16,85,56,29,0.659
2022-23,T11,77,51,26,0.662
2022-23,T12,105,70,35,0.667
2022-23,T15,96,64,32,0.667
2022-23,T06,91,61,30,0.67
2022-23,T21,96,65,31,0.677
2022-23,T18,97,67,30,0.691
2022-23,T17,77,54,23,0.701
2022-23,T05,94,66,28,0.702
2022-23,T19,85,61,24,0.718
2022-23,T25,85,62,23,0.729
2022-23,T02,102,75,27,0.735
2022-23,T26,90,68,22,0.756
2022-23,T30,93,74,19,0.796
2022-23,T04,96,77,19,0.802
2022-23,T28,88,73,15,0.83
2022-23,T24,100,90,10,0.9
2023-24,T03,95,39,56,0.411
2023-24,T29,88,39,49,0.443
2023-24,T09,89,49,40,0.551
2023-24,T01,85,48,37,0.565
2023-24,T14,91,54,37,0.593
2023-24,T22,81,48,33,0.593
2023-24,T16,87,52,35,0.598
2023-24,T13,94,58,36,0.617
2023-24,T20,84,52,32,0.619
2023-24,T23,93,58,35,0.624
2023-24,T21,83,52,31,0.627
2023-24,T27,80,52,28,0.65
2023-24,T07,87,57,30,0.655
2023-24,T17,80,53,27,0.663
2023-24,T10,94,64,30,0.681
2023-24,T25,74,51,23,0.689
2023-24,T08,108,75,33,0.694
2023-24,T30,94,66,28,0.702
2023-24,T05,85,61,24,0.718
2023-24,T24,85,61,24,0.718
2023-24,T04,86,66,20,0.767
2023-24,T12,91,70,21,0.769
2023-24,T06,87,67,20,0.77
2023-24,T19,87,67,20,0.77
2023-24,T18,92,71,21,0.772
2023-24,T11,89,69,20,0.775
2023-24,T15,92,73,19,0.793
2023-24,T02,82,66,16,0.805
2023-24,T26,82,69,13,0.841
2023-24,T28,91,80,11,0.879
2024-25,T03,72,26,46,0.361
2024-25,T27,92,46,46,0.5
2024-25,T29,90,45,45,0.5
2024-25,T01,85,44,41,0.518
2024-25,T13,90,49,41,0.544
2024-25,T06,93,53,40,0.57
2024-25,T08,70,41,29,0.586
2024-25,T23,91,54,37,0.593
2024-25,T17,77,47,30,0.61
2024-25,T07,96,59,37,0.615
2024-25,T30,91,56,35,0.615
2024-25,T21,90,56,34,0.622
2024-25,T09,86,54,32,0.628
2024-25,T19,96,65,31,0.677
2024-25,T10,94,64,30,0.681
2024-25,T02,96,67,29,0.698
2024-25,T16,106,74,32,0.698
2024-25,T22,86,60,26,0.698
2024-25,T14,73,51,22,0.699
2024-25,T18,94,67,27,0.713
2024-25,T15,103,74,29,0.718
2024-25,T20,100,72,28,0.72
2024-25,T12,97,70,27,0.722
2024-25,T25,88,64,24,0.727
2024-25,T24,83,65,18,0.783
2024-25,T26,98,80,18,0.816
2024-25,T11,84,69,15,0.821
2024-25,T28,82,68,14,0.829
2024-25,T05,84,71,13,0.845
2024-25,T04,87,74,13,0.851
