team_id,seasons,go_rate,too_early_rate,pts_left_pass,pts_left_early,pts_left_per_season,wins_left_per_season,team_tricode,team_name,rank
28,3,0.8467432950191571,0.36419753086419754,3.4395748501864265,3.958582986343679,7.398157836530105,0.24660526121767018,T28,Team 28,1
26,3,0.8037037037037037,0.2792207792207792,4.557436676497015,2.8850689561487832,7.442505632645799,0.2480835210881933,T26,Team 26,2
24,3,0.8059701492537313,0.31875,4.4714473052423545,3.421825971246231,7.893273276488586,0.26310910921628616,T24,Team 24,3
11,3,0.756,0.3129251700680272,5.2453516465343,3.086352836810326,8.331704483344627,0.27772348277815423,T11,Team 11,4
4,3,0.8066914498141264,0.3795180722891566,4.4714473052423545,4.226961493892404,8.698408799134757,0.28994695997115855,T04,Team 04,5
5,3,0.752851711026616,0.3057324840764331,5.589309131552943,3.220542090584688,8.809851222137631,0.2936617074045877,T05,Team 05,6
25,3,0.7165991902834008,0.33587786259541985,6.019255987826246,2.9521635830359645,8.971419570862212,0.2990473190287404,T25,Team 25,7
17,3,0.6581196581196581,0.28225806451612906,6.879149700372853,2.3483119410513353,9.227461641424188,0.30758205471413963,T17,Team 17,8
20,3,0.6525096525096525,0.2013888888888889,7.739043412919459,1.945744179728249,9.684787592647709,0.32282625308825696,T20,Team 20,9
19,3,0.7201492537313433,0.3161290322580645,6.44920284409955,3.2876367174718695,9.7368395615714185,0.3245613187190473,T19,Team 19,10
30,3,0.7050359712230216,0.27672955974842767,7.051128442882174,2.952163583035964,10.003292025918139,0.33344306753060465,T30,Team 30,11
18,3,0.7243816254416962,0.33544303797468356,6.707170957863531,3.556015225020593,10.263186182884125,0.3421062060961375,T18,Team 18,12
22,3,0.625,0.2833333333333333,7.997011526683441,2.281217314164154,10.278228840847596,0.34260762802825323,T22,Team 22,13
2,3,0.7428571428571429,0.4,6.191234730335568,4.159866867005222,10.35110159734079,0.34503671991135965,T02,Team 02,14
12,3,0.7167235494880546,0.2962962962962963,7.137117814136835,3.220542090584688,10.357659904721523,0.3452553301573841,T12,Team 12,15
15,3,0.7250859106529209,0.3416149068322981,6.879149700372853,3.6902044787949553,10.569354179167808,0.35231180597226025,T15,Team 15,16
14,3,0.6317829457364341,0.3014705882352941,8.168990269192763,2.750879702374421,10.919869971567184,0.3639956657189061,T14,Team 14,17
7,3,0.6083650190114068,0.24087591240875914,8.856905239230048,2.2141226872769733,11.071027926507021,0.3690342642169007,T07,Team 07,18
21,3,0.6431226765799256,0.33088235294117646,8.254979640447424,3.0192582099231453,11.274237850370568,0.3758079283456856,T21,Team 21,19
10,3,0.6605839416058394,0.35172413793103446,7.997011526683441,3.421825971246231,11.418837497929673,0.38062791659765577,T10,Team 10,20
23,3,0.5984555984555985,0.30327868852459017,8.942894610484709,2.482501194825697,11.425395805310407,0.3808465268436802,T23,Team 23,21
6,3,0.6678966789667897,0.3660130718954248,7.739043412919459,3.757299105682136,11.496342518601596,0.38321141728671987,T06,Team 06,22
9,3,0.5925925925925926,0.2462686567164179,9.458830838012673,2.2141226872769733,11.672953525289646,0.3890984508429882,T09,Team 09,23
16,3,0.6546762589928057,0.35172413793103446,8.254979640447424,3.421825971246231,11.676805611693656,0.3892268537231219,T16,Team 16,24
8,3,0.6200716845878136,0.2826086956521739,9.11487335299403,2.616690448600059,11.731563801594088,0.39105212671980294,T08,Team 08,25
13,3,0.5946969696969697,0.31496062992125984,9.20086272424869,2.6837850754872403,11.884647799735932,0.3961549266578644,T13,Team 13,26
27,3,0.5593869731800767,0.35537190082644626,9.888777694285976,2.8850689561487832,12.77384665043476,0.4257948883478253,T27,Team 27,27
1,3,0.5038167938931297,0.2897196261682243,11.178618263105886,2.079933433502611,13.258551696608498,0.44195172322028325,T01,Team 01,28
29,3,0.5,0.24193548387096775,11.952522604397831,2.01283880661543,13.965361411013262,0.4655120470337754,T29,Team 29,29
3,3,0.4147286821705426,0.29473684210526313,12.98439505945376,1.878649552841068,14.863044612294827,0.49543482040982756,T03,Team 03,30
