team_id,team_tricode,team_name
1,T01,Team 01
2,T02,Team 02
3,T03,Team 03
4,T04,Team 04
5,T05,Team 05
6,T06,Team 06
7,T07,Team 07
8,T08,Team 08
9,T09,Team 09
10,T10,Team 10
11,T11,Team 11
12,T12,Team 12
13,T13,Team 13
14,T14,Team 14
15,T15,Team 15
16,T16,Team 16
17,T17,Team 17
18,T18,Team 18
19,T19,Team 19
20,T20,Team 20
21,T21,Team 21
22,T22,Team 22
23,T23,Team 23
24,T24,Team 24
25,T25,Team 25
26,T26,Team 26
27,T27,Team 27
28,T28,Team 28
29,T29,Team 29
30,T30,Team 30
