season,team_id,off_rtg,def_rtg
2022-23,1,112.4,121.2
2022-23,2,118.0,119.0
2022-23,3,118.5,118.0
2022-23,4,117.5,123.9
2022-23,5,111.3,118.5
2022-23,6,117.2,109.2
2022-23,7,113.2,117.1
2022-23,8,110.4,113.6
2022-23,9,116.7,118.2
2022-23,10,119.8,113.5
2022-23,11,118.3,121.8
2022-23,12,111.9,116.6
2022-23,13,111.8,103.4
2022-23,14,118.8,119.9
2022-23,15,118.9,112.7
2022-23,16,121.8,110.0
2022-23,17,121.1,120.1
2022-23,18,109.9,118.0
2022-23,19,123.8,106.9
2022-23,20,128.8,114.8
2022-23,21,118.7,107.9
2022-23,22,117.1,117.1
2022-23,23,112.7,118.1
2022-23,24,120.3,113.3
2022-23,25,113.7,113.8
2022-23,26,113.0,118.7
2022-23,27,114.0,115.3
2022-23,28,117.8,116.2
2022-23,29,119.3,121.4
2022-23,30,112.3,112.5
2023-24,1,111.0,119.1
2023-24,2,120.1,117.3
2023-24,3,119.7,118.2
2023-24,4,120.4,119.6
2023-24,5,112.8,120.6
2023-24,6,116.7,112.1
2023-24,7,112.0,117.4
2023-24,8,114.4,113.6
2023-24,9,117.4,117.2
2023-24,10,118.9,111.7
2023-24,11,116.5,121.8
2023-24,12,111.3,117.4
2023-24,13,109.3,106.5
2023-24,14,118.7,118.6
2023-24,15,116.5,111.0
2023-24,16,117.4,113.3
2023-24,17,121.4,115.7
2023-24,18,114.7,114.0
2023-24,19,127.8,111.1
2023-24,20,128.8,114.4
2023-24,21,126.6,107.4
2023-24,22,115.8,117.9
2023-24,23,111.8,117.6
2023-24,24,119.6,109.7
2023-24,25,111.5,113.3
2023-24,26,113.9,118.8
2023-24,27,114.9,120.5
2023-24,28,114.5,117.7
2023-24,29,120.6,118.5
2023-24,30,109.8,112.2
2024-25,1,109.8,116.8
2024-25,2,121.3,119.8
2024-25,3,117.0,117.7
2024-25,4,121.0,119.8
2024-25,5,110.9,119.7
2024-25,6,119.4,108.5
2024-25,7,112.3,118.9
2024-25,8,111.9,110.5
2024-25,9,117.4,119.1
2024-25,10,123.1,114.1
2024-25,11,117.4,124.0
2024-25,12,113.6,116.7
2024-25,13,110.5,108.4
2024-25,14,120.3,116.1
2024-25,15,116.4,111.0
2024-25,16,117.0,116.8
2024-25,17,125.5,116.3
2024-25,18,111.7,116.6
2024-25,19,124.0,110.2
2024-25,20,128.5,116.1
2024-25,21,121.5,107.5
2024-25,22,117.9,119.7
2024-25,23,113.4,116.0
2024-25,24,113.7,113.3
2024-25,25,115.1,112.7
2024-25,26,115.5,119.4
2024-25,27,108.9,116.7
2024-25,28,117.0,113.4
2024-25,29,121.1,115.7
2024-25,30,112.8,111.9
